<?xml version="1.0" encoding="UTF-8"?>
<project-private xmlns="http://www.netbeans.org/ns/project-private/1">
    <editor-bookmarks xmlns="http://www.netbeans.org/ns/editor-bookmarks/2" lastBookmarkId="0"/>
    <open-files xmlns="http://www.netbeans.org/ns/projectui-open-files/2">
        <group>
            <file>file:/C:/Users/wardb/Desktop/miniproject-java/Beyens_Ward_r0703044_Pretpark/web/NieuweAttractie.jsp</file>
            <file>file:/C:/Users/wardb/Desktop/miniproject-java/Beyens_Ward_r0703044_Pretpark/src/java/fact/it/www/MaakServlet.java</file>
            <file>file:/C:/Users/wardb/Desktop/miniproject-java/Beyens_Ward_r0703044_Pretpark/src/java/fact/it/www/beans/Attractie.java</file>
            <file>file:/C:/Users/wardb/Desktop/miniproject-java/Beyens_Ward_r0703044_Pretpark/web/OverzichtPretparkAttracties.jsp</file>
            <file>file:/C:/Users/wardb/Desktop/miniproject-java/Beyens_Ward_r0703044_Pretpark/web/index.jsp</file>
            <file>file:/C:/Users/wardb/Desktop/miniproject-java/Beyens_Ward_r0703044_Pretpark/web/OverzichtBezoekers.jsp</file>
            <file>file:/C:/Users/wardb/Desktop/miniproject-java/Beyens_Ward_r0703044_Pretpark/web/wijzigenAttractie.jsp</file>
        </group>
    </open-files>
</project-private>
